delete from h_dict_base where dict_name in ('import,file,type','config,dataType');
delete from h_dict_pairs where dict_name in ('import,file,type','config,dataType');
insert into h_dict_base(dict_name,dict_desc,dict_source,key_column,val_column,app) values('import,file,type','file type',1,'key','value','h-dbc');
insert into h_dict_pairs(dict_name,pair_key,pair_value) values('import,file,type','yml','yml');
insert into h_dict_pairs(dict_name,pair_key,pair_value) values('import,file,type','yaml','yaml');
insert into h_dict_pairs(dict_name,pair_key,pair_value) values('import,file,type','properties','properties');
insert into h_dict_base(dict_name,dict_desc,dict_source,key_column,val_column,app) values('config,dataType','Config DataType',1,'key','value','h-dbc');
insert into h_dict_pairs(dict_name,pair_key,pair_value) values('config,dataType','java.lang.String','String');
insert into h_dict_pairs(dict_name,pair_key,pair_value) values('config,dataType','java.lang.Character','Character');
insert into h_dict_pairs(dict_name,pair_key,pair_value) values('config,dataType','java.lang.Double','Double');
insert into h_dict_pairs(dict_name,pair_key,pair_value) values('config,dataType','java.lang.Float','Float');
insert into h_dict_pairs(dict_name,pair_key,pair_value) values('config,dataType','java.lang.Long','Long');
insert into h_dict_pairs(dict_name,pair_key,pair_value) values('config,dataType','java.lang.Integer','Integer');
insert into h_dict_pairs(dict_name,pair_key,pair_value) values('config,dataType','java.lang.Short','Short');
insert into h_dict_pairs(dict_name,pair_key,pair_value) values('config,dataType','java.lang.Byte','Byte');
insert into h_dict_pairs(dict_name,pair_key,pair_value) values('config,dataType','java.lang.Boolean','Boolean');

delete from h_menus where app='h-dbc' and name in ('ConfigManage','Profile','Service','Backup','Encrypt','Guide','OperLog');
insert into h_menus(app,name,menu_desc,url,parent_key,order_index,menu_level,icon_name,created_at) values('h-dbc','ConfigManage','Configuration','inner:${menuPrefixPath}/h-dbc/Config','-',1,1,'Console',1735800456);
insert into h_menus(app,name,menu_desc,url,parent_key,order_index,menu_level,icon_name,created_at) values('h-dbc','Profile','Profiles','inner:${menuPrefixPath}/h-dbc/dbc-ui/index.html#/profile','ConfigManage',0,2,'profile2',1735800456);
insert into h_menus(app,name,menu_desc,url,parent_key,order_index,menu_level,icon_name,created_at) values('h-dbc','Service','Services','inner:${menuPrefixPath}/h-dbc/dbc-ui/index.html#/service','ConfigManage',1,2,'service3',1735800456);
insert into h_menus(app,name,menu_desc,url,parent_key,order_index,menu_level,icon_name,created_at) values('h-dbc','Backup','Backup','inner:${menuPrefixPath}/h-dbc/dbc-ui/index.html#/back/data','ConfigManage',2,2,'recovery5',1735800456);
insert into h_menus(app,name,menu_desc,url,parent_key,order_index,menu_level,icon_name,created_at) values('h-dbc','Encrypt','Encryption','inner:${menuPrefixPath}/h-dbc/hbq969-common/index.html#/encrypt','ConfigManage',3,2,'encrypt2',1735800456);
insert into h_menus(app,name,menu_desc,url,parent_key,order_index,menu_level,icon_name,created_at) values('h-dbc','Guide','Guide','inner:${menuPrefixPath}/h-dbc/dbc-ui/index.html#/guide','ConfigManage',-1,2,'guide',1735800456);
insert into h_menus(app,name,menu_desc,url,parent_key,order_index,menu_level,icon_name,created_at) values('h-dbc','OperLog','OperationLog','inner:${menuPrefixPath}/h-dbc/hbq969-tabula/index.html#/data?report=true&source=${defaultDataBaseSource}%2C${defaultDataBaseSchema}&dialect=${defaultDataBaseSource}&schema=${defaultDataBaseSchema}&name=log_dbc&desc=%E9%85%8D%E7%BD%AE%E4%B8%AD%E5%BF%83%E6%93%8D%E4%BD%9C%E6%97%A5%E5%BF%97&manage=0&fmtManage=%E5%90%A6&create=null&creator=admin&createTime=1743584250','ConfigManage',6,2,'TableManagementIcon',1735800456);

delete from h_dbc_profiles where profile_name in ('default','dev','test','prod','mysql','oracle');
insert into h_dbc_profiles(profile_name,profile_desc,created_at) values('default','Default',1739763078);
insert into h_dbc_profiles(profile_name,profile_desc,created_at) values('dev','Develop',1739763078);
insert into h_dbc_profiles(profile_name,profile_desc,created_at) values('test','Test',1739763078);
insert into h_dbc_profiles(profile_name,profile_desc,created_at) values('prod','Production',1739763078);
insert into h_dbc_profiles(profile_name,profile_desc,created_at) values('mysql','MySQL',1739763078);
insert into h_dbc_profiles(profile_name,profile_desc,created_at) values('oracle','Oracle',1739763078);
insert into h_dbc_acc_profiles(app,username,profile_name) values('h-dbc','admin','default');
insert into h_dbc_acc_profiles(app,username,profile_name) values('h-dbc','admin','dev');
insert into h_dbc_acc_profiles(app,username,profile_name) values('h-dbc','admin','test');
insert into h_dbc_acc_profiles(app,username,profile_name) values('h-dbc','admin','prod');
insert into h_dbc_acc_profiles(app,username,profile_name) values('h-dbc','admin','mysql');
insert into h_dbc_acc_profiles(app,username,profile_name) values('h-dbc','admin','oracle');

delete from h_sm_info where app='h-dbc';
insert into h_sm_info(app,info_content) values('h-dbc','{"title":"Configuration Center"}');

delete from h_tabula where table_name='log_dbc';
delete from h_tabula_col where table_name='log_dbc';
INSERT INTO h_tabula (table_name, table_desc, creator, manage_enabled, create_time, update_time, source_dialect, source_schema) VALUES ('log_dbc', 'Configuration Center Operation Log', 'admin', 0, 1743584250, 0, '${defaultDataBaseSource}', '${defaultDataBaseSchema}');
INSERT INTO h_tabula_col (table_name, col_name, col_desc, col_source, col_source_define, is_query, is_list, is_add, is_edit, is_sort, sort_way, is_fuzzy, creator, create_time, update_time) VALUES ('log_dbc', 'get_paras', 'Request get parameters', 'page-input', NULL, 1, 1, 1, 1, 0, 0, 1, 'admin', 1743584490, NULL);
INSERT INTO h_tabula_col (table_name, col_name, col_desc, col_source, col_source_define, is_query, is_list, is_add, is_edit, is_sort, sort_way, is_fuzzy, creator, create_time, update_time) VALUES ('log_dbc', 'method_desc', 'Interface description', 'page-input', NULL, 1, 1, 1, 1, 0, 0, 1, 'admin', 1743584475, NULL);
INSERT INTO h_tabula_col (table_name, col_name, col_desc, col_source, col_source_define, is_query, is_list, is_add, is_edit, is_sort, sort_way, is_fuzzy, creator, create_time, update_time) VALUES ('log_dbc', 'method_name', 'Interface method type', 'page-input', NULL, 1, 1, 1, 1, 0, 0, 0, 'admin', 1743584457, NULL);
INSERT INTO h_tabula_col (table_name, col_name, col_desc, col_source, col_source_define, is_query, is_list, is_add, is_edit, is_sort, sort_way, is_fuzzy, creator, create_time, update_time) VALUES ('log_dbc', 'oper_name', 'Operator', 'backend-session-key', 'h-sm-user', 1, 1, 0, 1, 0, 0, 1, 'admin', 1743584347, NULL);
INSERT INTO h_tabula_col (table_name, col_name, col_desc, col_source, col_source_define, is_query, is_list, is_add, is_edit, is_sort, sort_way, is_fuzzy, creator, create_time, update_time) VALUES ('log_dbc', 'oper_time', 'Operation time', 'backend-time-num-sec', NULL, 1, 1, 0, 1, 1, 1, 0, 'admin', 1743584376, NULL);
INSERT INTO h_tabula_col (table_name, col_name, col_desc, col_source, col_source_define, is_query, is_list, is_add, is_edit, is_sort, sort_way, is_fuzzy, creator, create_time, update_time) VALUES ('log_dbc', 'post_body', 'Request post parameters', 'page-input', NULL, 1, 1, 1, 1, 0, 0, 1, 'admin', 1743584501, NULL);
INSERT INTO h_tabula_col (table_name, col_name, col_desc, col_source, col_source_define, is_query, is_list, is_add, is_edit, is_sort, sort_way, is_fuzzy, creator, create_time, update_time) VALUES ('log_dbc', 'req_id', 'Request ID', 'backend-pri-str-uuid', NULL, 1, 1, 0, 1, 0, 0, 1, 'admin', 1743584286, NULL);
INSERT INTO h_tabula_col (table_name, col_name, col_desc, col_source, col_source_define, is_query, is_list, is_add, is_edit, is_sort, sort_way, is_fuzzy, creator, create_time, update_time) VALUES ('log_dbc', 'result', 'Request result', 'page-input', NULL, 1, 1, 1, 1, 0, 0, 1, 'admin', 1743584513, NULL);
INSERT INTO h_tabula_col (table_name, col_name, col_desc, col_source, col_source_define, is_query, is_list, is_add, is_edit, is_sort, sort_way, is_fuzzy, creator, create_time, update_time) VALUES ('log_dbc', 'url', 'Interface url', 'page-input', NULL, 1, 1, 1, 1, 0, 0, 1, 'admin', 1743584397, NULL);

insert into h_icons(name,icon_desc,icon_svg,icon_size,update_at) values('Console','config management','<svg t="1766054429321" class="icon" viewBox="0 0 1024 1024" version="1.1" xmlns="http://www.w3.org/2000/svg" p-id="37282" width="20" height="20"><path d="M883.2 64a76.8 76.8 0 0 1 76.8 76.8v742.4a76.8 76.8 0 0 1-76.8 76.8H140.8a76.8 76.8 0 0 1-76.8-76.8V140.8a76.8 76.8 0 0 1 76.8-76.8h742.4zM345.6 224a38.4 38.4 0 0 0-38.336 36.1472L307.2 262.4v499.2l0.064 2.2528a38.4 38.4 0 0 0 76.672 0L384 761.6v-499.2l-0.064-2.2528A38.4 38.4 0 0 0 345.6 224z m332.8 0a38.4 38.4 0 0 0-38.336 36.1472L640 262.4v499.2l0.064 2.2528a38.4 38.4 0 0 0 76.672 0L716.8 761.6v-499.2l-0.064-2.2528A38.4 38.4 0 0 0 678.4 224z" fill="#6B57FE" p-id="37283"></path><path d="M345.6 524.8a89.6 89.6 0 1 1 0 179.2 89.6 89.6 0 0 1 0-179.2z m332.8-204.8a89.6 89.6 0 1 1 0 179.2 89.6 89.6 0 0 1 0-179.2z" fill="#FFBA00" p-id="37284"></path></svg>',20,1735800456);
insert into h_icons(name,icon_desc,icon_svg,icon_size,update_at) values('profile2','env management','<svg t="1766054444547" class="icon" viewBox="0 0 1025 1024" version="1.1" xmlns="http://www.w3.org/2000/svg" p-id="38408" width="20" height="20"><path d="M852.903091 56.860206c59.134614 0 109.001015 43.839219 113.379251 101.324887L966.623503 166.600404v262.921593a56.860206 56.860206 0 0 1-113.32239 6.652644L852.903091 429.465136V170.580618H170.580618v625.462267h279.240472a56.860206 56.860206 0 0 1 56.519045 50.207562L506.624436 852.903091a56.860206 56.860206 0 0 1-50.207562 56.462185L449.76423 909.763297H170.580618c-59.134614 0-109.001015-43.839219-113.379251-101.324887L56.860206 800.023099V166.600404c0-58.793453 47.193971-105.305102 105.361962-109.399037L170.580618 56.860206h682.322473z" fill="#888E99" p-id="38409"></path><path d="M399.499808 357.536976v60.499259H314.323219v48.615476H394.041228v58.111131H314.323219v56.575905h88.417621v60.499259H247.455617v-284.30103h152.044191z m102.405231 0l43.156896 175.186295h0.739183V357.536976h62.546227l-0.05686 231.364178a106.101145 106.101145 0 0 0-59.134615 45.658746l-4.491956 7.278106h-9.666235L490.419277 466.25369h-0.739182v175.584316h-62.546227v-284.30103h74.771171z m188.377863 0l21.720598 173.423628a103.826736 103.826736 0 0 0-40.825628 51.970229l-1.194064 3.354752-6.368343-1.137204-43.441197-227.611405h70.108634z m125.774776 0l-30.022189 154.148018-12.111224 0.056861-7.164386 0.22744-5.913462 0.568603-6.652644 1.023483-9.779955 2.444989-9.381934 3.127311a118.951551 118.951551 0 0 0-11.1446 4.889978l21.038276-166.486683h71.132118zM818.161505 568.602061c22.289201 0 42.076552 13.419009 49.127218 33.32008l11.826923 33.433802 3.013591 1.364645c6.084042 2.84301 11.940643 6.084042 17.626664 9.552514l2.615569 1.705806 36.788554-7.050665a53.448594 53.448594 0 0 1 52.53883 19.33247l2.72929 4.037075 22.11862 36.04937a46.454788 46.454788 0 0 1-6.084042 56.632765l-24.96163 26.439996 0.284301 3.070451 0.284301 9.552515c0 3.184172-0.11372 6.368343-0.284301 9.552515l-0.284301 3.013591 24.90477 26.439995c13.646449 14.499353 16.830621 35.082747 8.472171 52.42511l-2.331269 4.264516-22.11862 36.049371a53.107432 53.107432 0 0 1-55.26812 23.312684l-36.788554-7.050666-2.615569 1.762667c-5.686021 3.468473-11.542622 6.652644-17.626664 9.552514l-3.013591 1.364645-11.826923 33.433802a51.344766 51.344766 0 0 1-44.407821 33.09264l-4.719397 0.22744h-44.23724a51.685927 51.685927 0 0 1-49.127218-33.32008l-11.883783-33.433802-2.956731-1.307784a193.15412 193.15412 0 0 1-17.626664-9.609375l-2.67243-1.705806-36.731693 7.050665a53.448594 53.448594 0 0 1-52.53883-19.33247l-2.72929-4.037074-22.11862-36.049371a46.454788 46.454788 0 0 1 6.084042-56.632765l24.90477-26.496856-0.227441-3.013591-0.284301-9.552515c0-3.184172 0.11372-6.368343 0.284301-9.552515l0.227441-3.070451-24.84791-26.383135a46.511649 46.511649 0 0 1-8.472171-52.42511l2.331269-4.264516 22.11862-36.04937a53.107432 53.107432 0 0 1 55.26812-23.312685l36.731693 6.993805 2.72929-1.705806c5.686021-3.468473 11.542622-6.709504 17.626664-9.609375l2.899871-1.307784 11.883783-33.433802a51.344766 51.344766 0 0 1 44.407821-33.092639l4.719397-0.227441zM796.042885 739.182679a56.860206 56.860206 0 1 0 0 113.720412 56.860206 56.860206 0 0 0 0-113.720412z" fill="#888E99" p-id="38410"></path></svg>',20,1735800456);
insert into h_icons(name,icon_desc,icon_svg,icon_size,update_at) values('service3','service management','<svg t="1766054466093" class="icon" viewBox="0 0 1024 1024" version="1.1" xmlns="http://www.w3.org/2000/svg" p-id="39507" width="20" height="20"><path d="M176.469333 176.469333a170.666667 170.666667 0 0 1 241.365334 0l35.370666 35.370667A128.128 128.128 0 0 1 490.666667 302.336V384c0 58.944-47.722667 106.666667-106.666667 106.666667h-81.664a128.149333 128.149333 0 0 1-90.538667-37.504l-35.328-35.328a170.666667 170.666667 0 0 1 0-241.365334z m181.034667 60.330667a85.333333 85.333333 0 0 0-120.704 0 85.333333 85.333333 0 0 0 0 120.704l35.285333 35.285333c8.085333 8.042667 18.922667 12.544 30.250667 12.544H384c11.797333 0 21.333333-9.536 21.333333-21.333333v-81.664c0-11.306667-4.48-22.186667-12.501333-30.208L357.504 236.8zM606.165333 176.469333a170.666667 170.666667 0 0 1 241.365334 0 170.666667 170.666667 0 0 1 0 241.365334l-35.370667 35.370666A128.128 128.128 0 0 1 721.664 490.666667H640c-58.944 0-106.666667-47.722667-106.666667-106.666667v-81.664c0-33.941333 13.482667-66.453333 37.504-90.538667l35.328-35.328zM787.2 236.8a85.333333 85.333333 0 0 0-120.704 0l-35.285333 35.285333A42.794667 42.794667 0 0 0 618.666667 302.336V384c0 11.797333 9.536 21.333333 21.333333 21.333333h81.664c11.306667 0 22.186667-4.48 30.208-12.501333l35.328-35.328a85.333333 85.333333 0 0 0 0-120.704zM384 533.333333c58.944 0 106.666667 47.722667 106.666667 106.666667v81.664a128.149333 128.149333 0 0 1-37.504 90.538667l-35.328 35.328a170.666667 170.666667 0 0 1-241.365334 0 170.666667 170.666667 0 0 1 0-241.365334l35.370667-35.370666A128.128 128.128 0 0 1 302.336 533.333333H384z m0 85.333334h-81.664c-11.306667 0-22.186667 4.48-30.208 12.501333L236.8 666.496a85.333333 85.333333 0 0 0 0 120.704 85.333333 85.333333 0 0 0 120.704 0l35.285333-35.285333c8.042667-8.085333 12.544-18.922667 12.544-30.250667V640c0-11.797333-9.536-21.333333-21.333333-21.333333zM721.664 533.333333c33.941333 0 66.453333 13.482667 90.538667 37.504l35.328 35.328a170.666667 170.666667 0 0 1 0 241.365334 170.666667 170.666667 0 0 1-241.365334 0l-35.370666-35.370667A128.128 128.128 0 0 1 533.333333 721.664V640c0-58.944 47.722667-106.666667 106.666667-106.666667h81.664z m0 85.333334H640c-11.797333 0-21.333333 9.536-21.333333 21.333333v81.664c0 11.306667 4.48 22.186667 12.501333 30.208l35.328 35.328a85.333333 85.333333 0 0 0 120.704 0 85.333333 85.333333 0 0 0 0-120.704l-35.285333-35.285333A42.794667 42.794667 0 0 0 721.664 618.666667z" fill="#2C52FF" p-id="39508"></path></svg>',20,1735800456);
insert into h_icons(name,icon_desc,icon_svg,icon_size,update_at) values('recovery5','config recovery','<svg t="1766054484911" class="icon" viewBox="0 0 1024 1024" version="1.1" xmlns="http://www.w3.org/2000/svg" p-id="40720" width="20" height="20"><path d="M983.04 0H40.96A40.96 40.96 0 0 0 0 40.96v942.08c0 22.656 18.368 40.96 40.96 40.96h942.08a40.96 40.96 0 0 0 40.96-40.96V40.96a40.96 40.96 0 0 0-40.96-40.96z m-51.2 931.84H92.16V92.16h839.68v839.68zM246.72 527.36H311.68c4.8 0 8.704-3.904 8.704-8.704V417.6a45.44 45.44 0 0 1 45.44-45.504H629.12v68.416c0 7.232 8.32 11.2 13.952 6.72l139.648-109.696a8.704 8.704 0 0 0 0-13.696l-139.648-109.696a8.576 8.576 0 0 0-13.952 6.784V289.28H365.696c-70.4 0-127.616 57.344-127.616 128.128V518.4c0 5.12 3.84 8.96 8.768 8.96h-0.128z m-5.312 172.672l139.712 109.76c5.568 4.416 13.888 0.32 13.888-6.784v-68.48h263.296c70.4 0 127.616-57.28 127.616-128.064V505.472a8.704 8.704 0 0 0-8.64-8.704H712.32a8.704 8.704 0 0 0-8.704 8.704v100.992a45.44 45.44 0 0 1-45.44 45.504H394.944V583.68a8.576 8.576 0 0 0-13.888-6.784l-139.712 109.76a8.448 8.448 0 0 0 0 13.376z" fill="#0AB99E" p-id="40721"></path></svg>',20,1735800456);
insert into h_icons(name,icon_desc,icon_svg,icon_size,update_at) values('encrypt2','encrypt tools','<svg t="1766054501536" class="icon" viewBox="0 0 1024 1024" version="1.1" xmlns="http://www.w3.org/2000/svg" p-id="41805" width="20" height="20"><path d="M0 0m102.4 0l819.2 0q102.4 0 102.4 102.4l0 819.2q0 102.4-102.4 102.4l-819.2 0q-102.4 0-102.4-102.4l0-819.2q0-102.4 102.4-102.4Z" fill="#428EFF" p-id="41806"></path><path d="M410.5216 410.9312H307.4048v-120.32c0-26.1632 5.1712-50.5856 15.5648-73.216 10.3424-22.6304 24.6784-42.5472 42.9568-59.7504 18.2784-17.2032 39.8336-30.72 64.6656-40.4992A219.4432 219.4432 0 0 1 512 102.4c26.1632 0 51.4048 4.9152 75.7248 14.7456a214.016 214.016 0 0 1 64.6144 40.448c18.8416 17.2544 33.792 37.1712 45.056 59.8016 11.1616 22.6304 16.7424 47.0528 16.7424 73.216v120.32h-99.0208V313.5488c0-34.3552-9.5232-60.928-28.672-79.8208-19.0464-18.7904-45.0048-28.2112-77.7216-28.2112-29.44 0-53.1968 9.4208-71.168 28.2112-18.0224 18.8416-27.0336 45.4656-27.0336 79.8208v97.3824z m352.768 49.1008c14.6944 0 27.392 5.3248 37.9904 15.9744 10.6496 10.5984 15.9744 23.296 15.9744 38.0416v253.696a109.2096 109.2096 0 0 1-29.0304 74.9056 98.1504 98.1504 0 0 1-31.9488 22.528c-12.288 5.4272-25.7536 8.1408-40.4992 8.1408H302.4896a95.7952 95.7952 0 0 1-70.8096-29.8496 96.0512 96.0512 0 0 1-19.6096-31.5392 105.7792 105.7792 0 0 1-6.9632-38.4512V514.048c0-14.7456 5.1712-27.4432 15.5648-38.0416a50.6368 50.6368 0 0 1 37.632-15.9744h504.9856z" fill="#FFFFFF" p-id="41807"></path><path d="M460.8 563.2m51.2 0l0 0q51.2 0 51.2 51.2l0 102.4q0 51.2-51.2 51.2l0 0q-51.2 0-51.2-51.2l0-102.4q0-51.2 51.2-51.2Z" fill="#428EFF" p-id="41808"></path></svg>',20,1735800456);
insert into h_icons(name,icon_desc,icon_svg,icon_size,update_at) values('guide','guide','<svg t="1766054531345" class="icon" viewBox="0 0 1024 1024" version="1.1" xmlns="http://www.w3.org/2000/svg" p-id="44153" width="20" height="20"><path d="M960.9 433.5H195.4c-12.6 0-24.6-4.7-33.9-13.2l-116.3-107c-10.3-9.4-16.1-22.9-16.1-36.8s5.9-27.4 16.1-36.8l116.3-107c9.3-8.5 21.3-13.2 33.9-13.2h765.4c13.3 0 25.4 7.8 30.9 19.9s3.5 26.4-5.2 36.4l-87.3 100.7 87.3 100.7c8.7 10 10.7 24.3 5.2 36.4s-17.6 19.9-30.8 19.9z m-761.6-60h704.6l-84-97 84-97H199.3l-105.4 97 105.4 97zM828.6 844.5H63.1c-13.3 0-25.4-7.8-30.9-19.9s-3.5-26.4 5.2-36.4l87.3-100.7-87.3-100.7c-8.7-10-10.7-24.3-5.2-36.4s17.7-19.9 30.9-19.9h765.4c12.6 0 24.6 4.7 33.9 13.2l116.3 107c10.3 9.4 16.1 22.8 16.1 36.8s-5.9 27.4-16.1 36.8l-116.3 107c-9.2 8.5-21.2 13.2-33.8 13.2z m-708.5-60h704.6l105.4-97-105.4-97H120.1l84 97-84 97z" fill="#333333" p-id="44154"></path><path d="M512 1007.5c-16.6 0-30-13.4-30-30v-163c0-16.6 13.4-30 30-30s30 13.4 30 30v163c0 16.6-13.4 30-30 30zM511.6 590.5c-16.6 0-30-13.4-30-30v-157c0-16.6 13.4-30 30-30s30 13.4 30 30v157c0 16.6-13.4 30-30 30zM511.6 179.5c-16.6 0-30-13.4-30-30v-103c0-16.6 13.4-30 30-30s30 13.4 30 30v103c0 16.6-13.4 30-30 30z" fill="#333333" p-id="44155"></path></svg>',20,1735800456);
insert into h_icons(name,icon_desc,icon_svg,icon_size,update_at) values('TableManagementIcon','oper log','<svg t="1766054564638" class="icon" viewBox="0 0 1024 1024" version="1.1" xmlns="http://www.w3.org/2000/svg" p-id="46376" width="20" height="20"><path d="M248.64 108.8v57.6h-58.496a29.12 29.12 0 0 0-28.8 23.616l-0.448 5.12v691.2c0 14.208 10.368 25.92 24 28.416l5.248 0.448h643.648c14.4 0 26.304-10.24 28.8-23.68l0.448-5.12V195.2a28.928 28.928 0 0 0-24-28.352l-5.248-0.448h-58.496v-57.6h58.496c45.632 0 83.136 34.24 87.36 78.08l0.448 8.32v691.2c0 44.928-34.816 81.792-79.36 86.016l-8.448 0.384H190.144a87.296 87.296 0 0 1-87.36-78.08l-0.384-8.32V195.2c0-44.928 34.816-81.856 79.296-86.016l8.448-0.384h58.496z m247.808 354.048c18.88 0 34.112 14.72 34.112 32.896a33.28 33.28 0 0 1-27.968 32.384l-6.144 0.512H294.016a33.536 33.536 0 0 1-34.112-32.896 33.28 33.28 0 0 1 28.032-32.384l6.08-0.512h202.432z m138.88-147.456c18.88 0 34.176 14.72 34.176 32.896a33.28 33.28 0 0 1-27.968 32.384l-6.144 0.512H294.016a33.536 33.536 0 0 1-34.112-32.896 33.28 33.28 0 0 1 28.032-32.384l6.08-0.512h341.376zM687.616 51.2a43.52 43.52 0 0 1 43.84 43.2v86.4a43.52 43.52 0 0 1-43.904 43.2 43.52 43.52 0 0 1-43.84-43.2v-86.4A43.52 43.52 0 0 1 687.488 51.2zM336.384 51.2a43.52 43.52 0 0 1 43.84 43.2v86.4a43.52 43.52 0 0 1-43.84 43.2 43.52 43.52 0 0 1-43.904-43.2v-86.4A43.52 43.52 0 0 1 336.448 51.2z m263.296 57.6v57.6H424.192v-57.6h175.552zM400.896 806.912v-35.584h-97.28V610.304h-43.712v196.608h140.992z m101.248 3.456c23.232 0 42.56-7.68 57.856-22.848 15.296-15.232 22.976-34.368 22.976-57.536a76.8 76.8 0 0 0-22.784-56.96c-15.168-14.976-34.56-22.528-58.304-22.528-15.36 0-29.312 3.328-41.728 9.984a69.056 69.056 0 0 0-28.864 28.8c-6.848 12.544-10.24 25.6-10.24 39.04 0 17.536 3.392 32.448 10.24 44.672 6.784 12.224 16.64 21.504 29.76 27.84 12.992 6.4 26.752 9.536 41.088 9.536z m-0.128-32.96a35.584 35.584 0 0 1-27.328-12.16c-7.36-8-11.072-19.648-11.072-34.816 0-15.168 3.712-26.752 11.072-34.816a35.584 35.584 0 0 1 27.328-12.16c10.88 0 19.904 4.096 27.264 12.16 7.296 8.064 11.008 19.584 11.008 34.56 0 15.36-3.712 27.072-11.008 35.136a35.328 35.328 0 0 1-27.264 12.096z m182.72 91.52c14.08 0 25.728-1.408 34.88-4.288a57.28 57.28 0 0 0 22.08-11.968 49.92 49.92 0 0 0 12.864-20.992c3.072-8.96 4.608-22.4 4.608-40.448v-137.28h-38.848v21.504c-12.608-16.64-28.608-24.96-48-24.96a61.952 61.952 0 0 0-47.232 20.352c-12.608 13.504-18.944 33.088-18.944 58.752 0 20.48 4.8 37.504 14.464 51.2a58.24 58.24 0 0 0 50.048 26.112c18.944 0 34.56-8.32 46.976-24.768v22.336c0 8.96-0.64 15.168-1.92 18.56a19.712 19.712 0 0 1-8.256 10.24c-5.44 3.2-13.568 4.736-24.32 4.736-8.512 0-14.72-1.472-18.688-4.352-2.816-1.984-4.672-5.696-5.44-11.072l-47.36-5.632a98.56 98.56 0 0 0-0.192 4.928c0 13.632 5.568 24.896 16.64 33.728 11.2 8.96 30.08 13.376 56.64 13.376z m-2.56-94.72a30.208 30.208 0 0 1-23.808-11.328c-6.464-7.488-9.728-19.392-9.728-35.584 0-15.488 3.2-27.008 9.728-34.56a30.912 30.912 0 0 1 24.576-11.264c10.24 0 18.688 3.84 25.408 11.52 6.656 7.68 10.048 19.456 10.048 35.264 0 15.168-3.52 26.624-10.496 34.368a33.28 33.28 0 0 1-25.728 11.584z" fill="#000000" p-id="46377"></path></svg>',20,1735800456);